id,name,symbol,logoUrl,quantity,percentageChange,change,price,previousClose,high,low,lastTradedTime,issueDate,turnover,sharevolume,tradevolume,marketCap,marketCapPercentage,open,closingPrice,crossingVolume,crossingTradeVol,status
204,ABANS ELECTRICALS PLC,ABAN.N0000,upload_logo/642_1603172106.jpeg,20,-3.8624587847385774,-41.0,1020.5,1061.5,1060.0,1005.0,1774255796719,01/JAN/1984,957473.75,937,31,5215326480.0,0.0,1060.0,1020.5,937,31,0
1845,ABANS FINANCE PLC,AFSL.N0000,upload_logo/1069_1601609724.jpeg,1,-7.6923076923076925,-6.5,78.0,84.5,82.0,78.0,1774255282264,27/JUN/2011,1569282.7,20076,26,5748067338.0,0.0,82.0,78.0,20076,26,3
2065,ACCESS ENGINEERING PLC,AEL.N0000,upload_logo/1141_1601609745.jpeg,1257,-3.7593984962406015,-2.5,64.0,66.5,65.0,63.5,1774256388527,27/MAR/2012,45288676.1,705346,406,64000000000.0,0.0,65.0,64.0,705346,406,0
472,ACL CABLES PLC,ACL.N0000,upload_logo/644_1601622355.jpeg,552,-2.7058823529411766,-2.3,82.7,85.0,83.5,81.1,1774256387749,01/JAN/1976,35804575.3,434547,433,59438488032.0,0.0,83.0,82.7,434547,433,0
406,ACL PLASTICS PLC,APLA.N0000,upload_logo/643_1601622375.jpeg,2,-4.093567251461988,-5.25,123.0,128.25,128.0,119.5,1774256368089,05/APR/1995,7418876.25,60366,213,5181375000.0,0.0,125.0,123.0,60366,213,0
554,ACME PRINTING & PACKAGING PLC,ACME.N0000,upload_logo/661_1601609771.jpeg,50,-23.636363636363637,-1.3,4.2,5.5,4.2,4.2,1774256387492,01/JAN/1956,4068892.8,968784,279,2793000000.0,0.0,4.2,4.2,968784,279,1
163,AGALAWATTE  PLANTATIONS  PLC,AGAL.N0000,upload_logo/704_1601609799.jpeg,25,-7.024793388429752,-3.4,45.0,48.4,47.0,44.4,1774254889440,22/JAN/1996,1087426.1,24105,49,7031250000.0,0.0,45.2,45.0,24105,49,0
2026,AGSTAR PLC,AGST.N0000,upload_logo/1121_1601609820.jpeg,15877,-4.040404040404041,-0.4,9.5,9.9,9.9,9.2,1774256358608,16/FEB/2012,2940805.1,310640,68,4382249917.5,0.0,9.9,9.5,310640,68,2
144,AITKEN SPENCE HOTEL HOLDINGS PLC,AHUN.N0000,upload_logo/521_1192527461.gif,250,-1.527614571092832,-1.3,83.8,85.1,85.1,83.8,1774255753180,01/JAN/1980,2776683.2,33021,74,28181102838.0,0.0,85.1,83.8,33021,74,0
343,AITKEN SPENCE PLC,SPEN.N0000,upload_logo/501_1601609954.jpeg,170,-1.073345259391771,-1.5,138.25,139.75,139.25,138.0,1774255554931,01/JAN/1983,340175.25,2454,28,56128953221.25,0.0,139.25,138.25,2454,28,0
395,ALLIANCE FINANCE COMPANY PLC,ALLI.N0000,upload_logo/341_1601446036.jpeg,300,-3.225806451612903,-10.0,300.0,310.0,310.0,297.0,1774256359840,01/JAN/1959,5223940.25,17391,70,10108800000.0,0.0,310.0,300.0,17391,70,0
5511,ALPHA FIRE SERVICES PLC,AFS.N0000,upload_logo/v6y3L37xQx5YEfFo_30Jan2026074838GMT_1769759318307.jpeg,50,-4.0,-1.5,36.0,37.5,37.0,34.1,1774252694891,,1667641.9,45162,12,1366200000.0,0.0,37.0,36.0,45162,12,5
3082,ALUMEX PLC,ALUM.N0000,upload_logo/1323_1396002566.jpeg,50,-4.1420118343195265,-0.7,16.2,16.9,16.5,15.7,1774256260808,31/MAR/2014,1154302.8,72412,97,9697412016.0,0.0,16.5,16.2,72412,97,2
3046,AMANA BANK PLC,ABL.N0000,upload_logo/1303_1601610015.jpeg,1166,-2.973977695167286,-0.8,26.1,26.9,26.8,26.1,1774255380745,29/JAN/2014,1261000.2,48011,67,14386915236.6,0.0,26.5,26.1,48011,67,0
364,AMANA TAKAFUL PLC,ATL.N0000,upload_logo/361_1611738994.jpeg,72,0.0,0.0,19.8,19.8,21.0,19.8,1774256311434,27/NOV/2006,171637.3,8600,29,4883788740.6,0.0,21.0,19.8,8600,29,2
3575,AMANA TAKAFUL LIFE PLC,ATLL.N0000,upload_logo/1484_1611738974.jpeg,715,-0.33557046979865773,-0.1,29.7,29.8,30.0,29.6,1774256286328,18/AUG/2016,108977.0,3652,8,1485000000.0,0.0,30.0,29.7,3652,8,2
2145,AMBEON CAPITAL PLC,TAP.N0000,upload_logo/1181_1601622394.jpeg,430,-2.662721893491124,-0.9,32.9,33.8,33.4,32.5,1774255932722,17/MAY/2012,8590389.4,260922,85,33635409192.7,0.0,33.4,32.9,260922,85,2
121,AMBEON HOLDINGS PLC,GREG.N0000,upload_logo/782_1601622413.jpeg,380,-1.342281879194631,-2.0,147.0,149.0,148.75,141.25,1774256024834,01/JAN/1970,4998381.5,34484,64,52459840902.0,0.0,146.0,147.0,34484,64,2
3244,ARPICO INSURANCE PLC,AINS.N0000,upload_logo/1405_1601610236.jpeg,550,2.3890784982935154,0.7,30.0,29.3,30.1,30.0,1774253338156,16/JAN/2015,64565.0,2150,5,1986912210.0,0.0,30.1,30.0,2150,5,2
2025,ASIA ASSET FINANCE PLC,AAF.N0000,upload_logo/1108_1608702562.jpeg,4996,-3.1539888682745825,-1.7,52.2,53.9,52.5,50.0,1774256260419,12/JAN/2012,2033635.3,39249,54,6483006822.6,0.0,50.2,52.2,39249,54,0
2209,ASIA SIYAKA COMMODITIES LIMITED,ASIY.N0000,upload_logo/1205_1601610256.jpeg,500,-4.109589041095891,-0.6,14.0,14.6,14.5,13.5,1774256349727,12/SEP/2012,8042456.0,571593,122,3640000000.0,0.0,13.5,14.0,571593,122,2
143,ASIAN HOTELS AND PROPERTIES PLC,AHPL.N0000,upload_logo/690_1603172194.jpeg,300,-1.5414258188824663,-0.8,51.1,51.9,52.0,49.9,1774256326423,30/JAN/2004,889565.8,17748,36,22625817830.0,0.0,52.0,51.1,17748,36,0
240,ASIRI SURGICAL HOSPITAL PLC,AMSL.N0000,upload_logo/513_1601448612.jpeg,100,-2.027027027027027,-0.3,14.5,14.8,15.0,13.9,1774255387887,12/NOV/2004,689585.5,49210,37,7662634402.5,0.0,15.0,14.5,49210,37,0
225,ASIRI HOSPITAL HOLDINGS PLC,ASIR.N0000,upload_logo/512_1457953165.jpeg,853,-4.761904761904762,-1.5,30.0,31.5,31.5,29.7,1774255966960,01/JUN/1986,12660195.1,422018,71,34126007880.0,0.0,31.5,30.0,422018,71,0
1844,ASSOCIATED MOTOR FINANCE COMPANY PLC,AMF.N0000,upload_logo/1068_1311838497.jpeg,250,-2.3904382470119523,-1.2,49.0,50.2,51.1,47.0,1774255482447,23/JUN/2011,1382769.0,28689,76,5553036132.0,0.0,50.0,49.0,28689,76,1
5753,Agarapatana Plantations PLC,AGPL.N0000,upload_logo/uZoIWZANtLhpMSE5_1Sep2023095916GMT_1693562356724.jpeg,100,-0.6711409395973155,-0.1,14.8,14.9,14.9,14.0,1774255846743,04/SEP/2023,1996242.9,136279,55,7400000000.0,0.0,14.9,14.8,136279,55,2
3794,B P P L HOLDINGS PLC,BPPL.N0000,upload_logo/1524_1601448654.jpeg,14950,-1.2345679012345678,-0.2,16.0,16.2,16.6,16.0,1774253949611,04/APR/2017,522652.6,32410,24,4909493712.0,0.0,16.4,16.0,32410,24,2
188,BAIRAHA FARMS PLC,BFL.N0000,upload_logo/452_1601448788.jpeg,500,-4.148783977110157,-2.9,67.0,69.9,69.5,66.7,1774256379746,05/DEC/1994,5651368.1,83431,179,5896000000.0,0.0,69.5,67.0,83431,179,0
193,BALANGODA  PLANTATIONS  PLC,BALA.N0000,upload_logo/705_1601622430.jpeg,100,-3.389830508474576,-2.0,57.0,59.0,57.0,55.7,1774255999082,03/JUN/1998,940776.9,16615,35,2694545382.0,0.0,57.0,57.0,16615,35,0
3080,BANSEI ROYAL RESORTS HIKKADUWA PLC,BRR.N0000,upload_logo/1322_1601448868.jpeg,50,-1.9607843137254901,-0.4,20.0,20.4,20.0,19.6,1774247453413,27/MAR/2014,61019.6,3051,4,1074560000.0,0.0,20.0,20.0,3051,4,2
2188,BERUWALA RESORTS PLC,BERU.N0000,upload_logo/1201_1346313886.jpeg,300,-3.4482758620689653,-0.1,2.8,2.9,2.9,2.8,1774256381664,04/JUL/2012,733283.9,261219,74,1961524026.0,0.0,2.9,2.8,261219,74,2
189,BOGALA GRAPHITE LANKA PLC,BOGA.N0000,upload_logo/664_1192689751.gif,100,-5.458089668615984,-7.0,121.25,128.25,126.75,120.0,1774256282500,08/MAY/1992,3298104.25,27232,77,11474239610.0,0.0,126.75,121.25,27232,77,2
34,BOGAWANTALAWA TEA ESTATES PLC,BOPL.N0000,upload_logo/706_1601622455.jpeg,150,-2.8358208955223883,-1.9,65.1,67.0,68.0,65.0,1774247688196,08/DEC/1995,21725.0,330,7,5452125000.0,0.0,68.0,65.1,330,7,2
25,BROWN & COMPANY PLC,BRWN.N0000,upload_logo/764_1601449263.jpeg,200,-2.8052805280528053,-4.25,147.25,151.5,150.0,145.0,1774256249370,25/APR/1991,8758713.0,59547,146,31309031250.0,0.0,149.0,147.25,59547,146,2
1851,BROWNS INVESTMENTS PLC,BIL.N0000,upload_logo/1077_1601449335.jpeg,10406,0.0,0.0,5.5,5.5,5.5,5.2,1774256297710,26/JUL/2011,26239018.0,4925166,350,79033446030.0,0.0,5.4,5.5,4925166,350,2
165,BUKIT DARAH PLC,BUKI.N0000,upload_logo/456_1192770192.gif,1,3.234836702954899,26.0,829.75,803.75,850.0,800.0,1774256198327,01/JAN/1970,555024.0,682,44,84634500000.0,0.0,845.0,829.75,682,44,0
308,C M HOLDINGS PLC,COLO.N0000,upload_logo/693_1192767073.gif,300,-3.240740740740741,-1.4,41.8,43.2,42.4,41.7,1774254941345,01/JAN/1970,170126.5,4055,22,6353600000.0,0.0,42.2,41.8,4055,22,0
510,C T HOLDINGS PLC,CTHR.N0000,upload_logo/503_1601610958.jpeg,1,0.0,0.0,561.0,561.0,596.75,535.0,1774253415203,01/JAN/1928,12377.75,23,5,112989314658.0,0.0,535.25,561.0,23,5,0
520,C T LAND DEVELOPMENT PLC,CTLD.N0000,upload_logo/614_1601449440.jpeg,600,7.453416149068323,2.4,34.6,32.2,34.7,32.0,1774246068596,22/MAR/1988,2092990.0,60500,19,2811250000.0,0.0,32.0,34.6,60500,19,2
335,C. W. MACKIE PLC,CWM.N0000,upload_logo/765_1601449476.jpeg,500,-1.4705882352941178,-0.5,33.5,34.0,33.6,33.0,1774253014995,09/JAN/1995,343380.9,10284,34,6028083130.0,0.0,33.5,33.5,10284,34,2
6052,CABLE SOLUTIONS PLC,CSLK.N0000,upload_logo/k48gY439Uk34hc17_13Aug2024110307GMT_1723546987305.png,10,-1.6129032258064515,-0.2,12.2,12.4,12.4,12.1,1774256220344,14/AUG/2024,511361.6,42064,17,5742132520.0,0.0,12.4,12.2,42064,17,2
6297,CAL FIVE YEAR CLOSED END FUND (“Units”),CALC.U0000,upload_logo/i32p5Iv2DCTjxUkb_19Mar2025105945GMT_1742381985306.png,968,-2.34375,-0.3,12.5,12.8,12.7,12.5,1774255464140,20/MAR/2025,12690.5,1015,3,11436568075.0,0.0,12.7,12.5,1015,3,0
6919,CAL THREE YEAR CLOSED END FUND (“Units”),CALU.U0000,upload_logo/LhdKJcLQ8O9HcMvH_19Feb2026061904GMT_1771481944671.webp,773,-0.9803921568627451,-0.1,10.1,10.2,10.3,9.8,1774240844684,19/FEB/2026,19468.3,1932,7,8496760087.5,0.0,10.3,10.1,1932,7,0
6378,CAPITAL ALLIANCE HOLDINGS PLC,CALH.N0000,upload_logo/juW3RbOmNxCs9Okc_29May2025100308GMT_1748512988639.png,1000,-1.3333333333333333,-0.2,14.8,15.0,15.2,14.3,1774256378547,30/MAY/2025,6191622.6,415352,88,30666330306.0,0.0,14.9,14.8,415352,88,0
5293,CAPITAL ALLIANCE PLC,CALT.N0000,upload_logo/2647_1639498293.jpeg,10,-1.2244897959183674,-0.6,48.4,49.0,49.0,48.2,1774256158256,15/DEC/2021,3752963.0,77193,204,15943825585.6,0.0,48.7,48.4,77193,204,2
551,CARGILLS (CEYLON) PLC,CARG.N0000,upload_logo/457_1601449513.jpeg,30,-0.9420289855072463,-6.5,683.5,690.0,698.0,675.0,1774256018615,01/JAN/1946,498018.5,726,29,176122729138.5,0.0,698.0,683.5,726,29,0
5852,CARGILLS BANK PLC,CBNK.N0000,upload_logo/ktg0RldudT9ERjkC_8Jan2024105958GMT_1704711598288.jpeg,150,-1.1627906976744187,-0.1,8.5,8.6,8.6,8.3,1774255912328,09/JAN/2024,2714237.7,322804,142,8037964293.0,0.0,8.6,8.5,322804,142,0
336,CARSON CUMBERBATCH PLC,CARS.N0000,upload_logo/pVMpch8beahifA8b_13Mar2026055859GMT_1773381539637.png,1,0.2376237623762376,1.5,632.75,631.25,639.5,602.25,1774255555655,01/JAN/1967,277924.0,443,20,124263819833.5,0.0,625.0,632.75,443,20,0
447,CENTRAL FINANCE COMPANY PLC,CFIN.N0000,upload_logo/366_1601449552.jpeg,5,-3.225806451612903,-7.0,210.0,217.0,215.0,208.0,1774256349851,01/JAN/1969,22620352.0,107468,175,47744437020.0,0.0,215.0,210.0,107468,175,0
224,CENTRAL INDUSTRIES PLC,CIND.N0000,upload_logo/665_1601449594.jpeg,1,-5.638665132336018,-12.25,205.0,217.25,212.0,200.0,1774256167309,14/AUG/1990,22283657.5,108820,111,4960014565.0,0.0,202.25,205.0,108820,111,0
981,CEYLINCO HOLDINGS PLC,CINS.X0000,upload_logo/367_1601449623.jpeg,7,-3.5443804907603758,-58.5,1592.0,1650.5,1640.0,1550.0,1774254839879,21/APR/1988,568354.0,357,18,10211852160.0,0.0,1640.0,1592.0,357,18,0
426,CEYLON COLD STORES PLC,CCS.N0000,upload_logo/462_1603172226.jpeg,500,0.10030090270812438,0.1,99.8,99.7,100.5,99.0,1774256252855,01/JAN/1970,6247026.1,62807,129,94849920000.0,0.0,99.7,99.8,62807,129,0
74,CEYLON GRAIN ELEVATORS PLC,GRAN.N0000,upload_logo/671_1601449742.jpeg,429,-0.6044325050369376,-2.25,370.0,372.25,374.25,365.0,1774256378772,01/JAN/1984,3135141.0,8516,64,22200000000.0,0.0,369.0,370.0,8516,64,0
196,CEYLON GUARDIAN INVESTMENT TRUST PLC,GUAR.N0000,upload_logo/607_1192610705.gif,651,-5.3125,-12.75,227.25,240.0,235.0,225.25,1774253207261,01/JAN/1951,602445.75,2646,22,18193178454.75,0.0,235.0,227.25,2646,22,0
264,CEYLON HOSPITALS PLC,CHL.N0000,upload_logo/514_1520504240.jpeg,50,-5.9375,-3.8,60.2,64.0,63.0,60.0,1774255624731,14/NOV/2003,545623.3,8894,34,7648463698.4,0.0,63.0,60.2,8894,34,0
453,CEYLON HOSPITALS PLC,CHL.X0000,upload_logo/514_1520504240.jpeg,98,-1.2371134020618557,-0.6,47.9,48.5,48.5,45.0,1774252219518,14/NOV/2003,49724.6,1067,17,1941629374.0,0.0,48.4,47.9,1067,17,0
383,CEYLON HOTELS CORPORATION PLC,CHOT.N0000,upload_logo/545_1601449777.jpeg,100,-2.1875,-0.7,31.3,32.0,31.9,30.5,1774256349180,01/JAN/1967,935734.2,29755,26,5634968484.6,0.0,30.5,31.3,29755,26,0
133,CEYLON INVESTMENT PLC,CINV.N0000,upload_logo/608_1192610374.gif,20,-3.605769230769231,-3.75,100.25,104.0,103.25,99.0,1774251521870,01/JAN/1949,704509.25,7050,25,9744374485.75,0.0,100.25,100.25,7050,25,0
461,CEYLON LAND & EQUITY PLC,KZOO.N0000,upload_logo/Bh3gGq7PTmPQqVDO_29Feb2024080704GMT_1709194024293.jpeg,10,-2.0202020202020203,-0.2,9.7,9.9,10.0,9.3,1774256273255,01/JAN/1958,5743755.0,594354,182,2978660159.9,0.0,9.5,9.7,594354,182,0
1522,CEYLON TEA BROKERS PLC,CTBL.N0000,upload_logo/XiizQv3XyPTBvQ30_12Feb2026093906GMT_1770889146090.jpeg,20,-1.8691588785046729,-0.2,10.5,10.7,10.6,10.0,1774255431018,16/MAR/2010,1073418.3,105940,46,1915200000.0,0.0,10.2,10.5,105940,46,2
381,CEYLON TOBACCO COMPANY PLC,CTC.N0000,upload_logo/460_1603172267.jpeg,1,-1.9764011799410028,-33.5,1661.5,1695.0,1700.0,1654.75,1774256349203,01/JAN/1955,13791097.25,8267,148,311238412286.5,0.0,1690.0,1661.5,8267,148,0
529,CHEMANEX PLC,CHMX.N0000,upload_logo/492_1601449856.jpeg,80,0.46875,0.75,160.75,160.0,161.0,160.0,1774248664360,01/JAN/1974,632658.5,3948,15,2596490744.75,0.0,161.0,160.75,3948,15,0
131,CHEVRON LUBRICANTS  LANKA  PLC,LLUB.N0000,upload_logo/668_1674725006.jpeg,10,1.1428571428571428,2.0,177.0,175.0,177.5,172.0,1774256189024,14/OCT/1996,11232994.0,64145,237,42480000000.0,0.0,176.75,177.0,64145,237,0
4966,CHRISSWORLD PLC,CWL.N0000,upload_logo/2236_1621314719.jpeg,1561,-6.936416184971098,-1.2,16.1,17.3,17.0,14.7,1774256038477,18/MAY/2021,1312026.6,83099,39,483000000.0,0.0,17.0,16.1,83099,39,5
162,C I C HOLDINGS PLC,CIC.N0000,upload_logo/493_1601449921.jpeg,50,-2.0134228187919465,-0.6,29.2,29.8,29.7,28.8,1774256320725,11/OCT/1964,4297077.8,146730,122,42573600000.0,0.0,29.7,29.2,146730,122,0
328,C I C HOLDINGS PLC,CIC.X0000,upload_logo/493_1601449921.jpeg,500,-3.75,-0.9,23.1,24.0,24.0,22.8,1774256133690,11/OCT/1964,2654451.2,114197,96,10103940000.0,0.0,24.0,23.1,114197,96,0
1630,CITIZENS DEVELOPMENT BUSINESS FINANCE PLC,CDB.N0000,upload_logo/981_1603172283.jpeg,45,-2.93733681462141,-11.25,371.75,383.0,380.0,370.0,1774256167518,06/OCT/2010,1759726.75,4722,42,22815954018.0,0.0,380.0,371.75,4722,42,0
1858,CITIZENS DEVELOPMENT BUSINESS FINANCE PLC,CDB.X0000,upload_logo/981_1603172283.jpeg,300,-1.4693171996542782,-4.25,285.0,289.25,289.0,281.0,1774256379476,06/OCT/2010,543892.0,1916,44,2947945380.0,0.0,281.25,285.0,1916,44,0
101,CITRUS LEISURE PLC,REEF.N0000,,500,0.0,0.0,3.6,3.6,3.6,3.5,1774256234070,01/JAN/1984,850548.4,242119,27,2324104837.2,0.0,3.6,3.6,242119,27,0
5353,Co-operative Insurance Company PLC,COOP.N0000,upload_logo/2692_1640837641.jpeg,100,0.0,0.0,3.7,3.7,3.7,3.5,1774255538583,30/DEC/2021,3762536.4,1046055,145,6113057120.0,0.0,3.7,3.7,1046055,145,2
44,COLOMBO CITY HOLDINGS PLC,PHAR.N0000,upload_logo/744_1601622476.jpeg,100,-0.3831417624521073,-0.5,130.0,130.5,137.0,130.0,1774245124259,01/JAN/1949,846138.0,6501,14,3309428200.0,0.0,137.0,130.0,6501,14,0
267,COLOMBO DOCKYARD PLC,DOCK.N0000,upload_logo/442_1271068612.jpeg,25,-5.154639175257732,-6.25,115.0,121.25,120.0,113.25,1774256396262,01/JAN/1983,82425986.5,711453,662,45450769430.0,0.0,120.0,115.0,711453,662,1
385,COLOMBO FORT INVESTMENTS PLC,CFI.N0000,,390,-3.2903225806451615,-12.75,374.75,387.5,384.0,360.0,1774250451487,15/JUN/1986,271276.0,732,11,3317921451.75,0.0,384.0,374.75,732,11,2
277,COLOMBO INVESTMENT TRUST PLC,CIT.N0000,upload_logo/610_1601449959.jpeg,1,-1.4197530864197532,-5.75,399.25,405.0,402.0,395.75,1774255694046,01/JUN/1987,131734.25,330,22,2854150415.0,0.0,401.25,399.25,330,22,2
378,COLOMBO LAND AND DEVELOPMENT COMPANY PLC,CLND.N0000,upload_logo/618_1601449988.jpeg,100,-2.156862745098039,-1.1,49.9,51.0,50.0,45.3,1774256098985,19/MAR/1986,1787988.0,37935,33,9974062299.2,0.0,48.0,49.9,37935,33,0
208,COMMERCIAL BANK OF CEYLON PLC,COMB.N0000,upload_logo/328m7MwB2CexSgiJ_3Jan2024051241GMT_1704258761020.jpeg,50,-0.13054830287206268,-0.25,191.25,191.5,192.0,189.0,1774256378080,01/JAN/1970,59580440.75,312812,581,294702609858.75,0.0,190.0,191.25,662812,583,0
396,COMMERCIAL BANK OF CEYLON PLC,COMB.X0000,upload_logo/328m7MwB2CexSgiJ_3Jan2024051241GMT_1704258761020.jpeg,19,0.687757909215956,1.25,183.0,181.75,184.0,179.0,1774256282604,01/JAN/1970,21257556.5,117963,162,17630528355.0,0.0,180.0,183.0,117963,162,0
1798,COMMERCIAL CREDIT AND FINANCE PLC,COCR.N0000,upload_logo/1063_1448356254.jpeg,400,-4.054054054054054,-4.5,106.5,111.0,109.5,103.0,1774256358184,01/JUN/2011,10129972.75,95002,219,33874919872.5,0.0,108.0,106.5,95002,219,2
490,COMMERCIAL DEVELOPMENT COMPANY PLC,COMD.N0000,upload_logo/619_1603172301.jpeg,45,6.226765799256506,16.75,285.75,269.0,288.0,280.25,1774256124491,01/JAN/1983,33682.25,118,5,3429000000.0,0.0,280.25,285.75,118,5,2
168,CONVENIENCE FOODS LANKA PLC,SOY.N0000,upload_logo/488_1601450088.jpeg,90,-0.6345450634545063,-14.75,2309.75,2324.5,2325.0,2300.0,1774255397428,13/MAY/1992,318795.0,138,12,6351812500.0,0.0,2300.0,2309.75,138,12,0
123,DANKOTUWA PORCELAIN PLC,DPL.N0000,upload_logo/ZUvcwlr5F7o9sCOp_6Jan2026103531GMT_1767695731886.webp,50,-2.027027027027027,-0.3,14.5,14.8,14.9,14.0,1774254870090,21/FEB/1995,621751.1,43292,51,2357017340.0,0.0,14.9,14.5,43292,51,2
239,DFCC BANK PLC,DFCC.N0000,upload_logo/371_1601452506.jpeg,3000,0.3883495145631068,0.5,129.25,128.75,131.0,125.0,1774256397926,01/JAN/1956,15528080.25,121469,315,56663749312.5,0.0,128.5,129.25,121469,315,0
471,DIALOG AXIATA PLC,DIAL.N0000,upload_logo/389_1601452556.jpeg,1,-2.356902356902357,-0.7,29.0,29.7,29.8,28.9,1774256341176,28/JUL/2005,25225452.0,868098,453,266809714826.0,0.0,29.7,29.0,868098,453,0
1965,DIALOG FINANCE PLC,CALF.N0000,upload_logo/1101_1603172320.jpeg,9,-5.75139146567718,-7.75,127.0,134.75,130.0,126.25,1774256378044,04/OCT/2011,300238.25,2348,18,14909782982.0,0.0,127.0,127.0,2348,18,3
375,DIESEL & MOTOR ENGINEERING PLC,DIMO.N0000,upload_logo/694_1631431440.jpeg,2,-2.178030303030303,-28.75,1291.25,1320.0,1350.0,1290.0,1774256234033,01/JAN/1964,4432961.25,3409,85,11920166627.5,0.0,1320.0,1291.25,3409,85,0
6172,DIGITAL MOBILITY SOLUTIONS LANKA PLC,PKME.N0000,upload_logo/N9aA4wMSQYIhnOjV_4Oct2024065808GMT_1728025088129.png,4880,-2.5641025641025643,-3.5,133.0,136.5,135.25,129.75,1774256334682,03/OCT/2024,33719993.0,257361,164,44332048509.0,0.0,132.0,133.0,257361,164,0
327,DILMAH CEYLON TEA COMPANY PLC,CTEA.N0000,upload_logo/489_1601452595.jpeg,6,0.0,0.0,1299.25,1299.25,1310.0,1220.5,1774252631553,01/JAN/1982,28571.0,22,6,26943196875.0,0.0,1220.5,1299.25,22,6,2
399,DIPPED PRODUCTS PLC,DIPD.N0000,upload_logo/670_1603172470.jpeg,1000,-0.4024144869215292,-0.2,49.5,49.7,50.0,48.9,1774256320238,01/JAN/1982,6465235.5,130647,170,29631448440.0,0.0,49.3,49.5,130647,170,0
68,DISTILLERIES COMPANY OF SRI LANKA PLC,DIST.N0000,upload_logo/463_1601452641.jpeg,10,-0.9345794392523364,-0.5,53.0,53.5,53.5,52.0,1774256234058,10/AUG/1992,4920610.8,93525,225,243800000000.0,0.0,53.5,53.0,93525,225,3
455,DOLPHIN HOTELS PLC,STAF.N0000,,30,-2.67639902676399,-1.1,40.0,41.1,41.1,39.9,1774256029182,01/JAN/1982,434251.4,10747,24,2529718160.0,0.0,41.0,40.0,10747,24,0
26,E B CREASY & COMPANY PLC,EBCR.N0000,upload_logo/745_1193029512.gif,4,-0.8316008316008316,-0.4,47.7,48.1,49.0,47.5,1774255211764,01/JAN/1968,440896.7,9269,34,13303548126.0,0.0,48.1,47.7,9269,34,0
5173,E M L CONSULTANTS PLC,EML.N0000,upload_logo/2386_1632584450.jpeg,500,-5.555555555555555,-0.5,8.5,9.0,8.7,8.2,1774256349318,27/SEP/2021,1759367.2,210547,67,772650000.0,0.0,8.6,8.5,210547,67,5
460,E - CHANNELLING PLC,ECL.N0000,upload_logo/374_1637918475.jpeg,200,-2.8776978417266186,-0.4,13.5,13.9,13.9,13.5,1774255303041,21/MAY/2002,81236.7,5953,17,1648774102.5,0.0,13.9,13.5,5953,17,2
403,EAST WEST PROPERTIES PLC,EAST.N0000,upload_logo/620_1601622496.jpeg,100,-2.4096385542168677,-1.4,56.7,58.1,58.8,54.0,1774256198453,01/JAN/1983,2065885.3,37435,54,7838208000.0,0.0,57.7,56.7,37435,54,0
405,EASTERN MERCHANTS PLC,EMER.N0000,upload_logo/767_1601622536.jpeg,542,-4.385964912280702,-0.5,10.9,11.4,11.2,10.2,1774256341723,01/JAN/1982,1454991.3,138105,68,1280161400.0,0.0,11.2,10.9,138105,68,0
348,EDEN HOTEL LANKA PLC,EDEN.N0000,upload_logo/533_1601458948.jpeg,80,-1.8691588785046729,-0.2,10.5,10.7,10.7,10.2,1774256031152,13/DEC/1993,841829.3,80966,40,16632000000.0,0.0,10.5,10.5,80966,40,3
115,ELPITIYA PLANTATIONS PLC,ELPL.N0000,upload_logo/707_1601610752.jpeg,453,1.322314049586777,2.0,153.25,151.25,155.0,146.0,1774256349740,08/DEC/2000,1589873.5,10600,22,11166780091.0,0.0,151.25,153.25,10600,22,2
113,EQUITY TWO PLC,ETWO.N0000,upload_logo/621_1192617650.gif,20,-0.8223684210526315,-0.5,60.3,60.8,61.3,57.6,1774253451281,21/NOV/1994,50701.8,838,21,1869300000.0,0.0,60.4,60.3,838,21,2
5231,Ex-pack Corrugated Cartons PLC,PACK.N0000,upload_logo/2511_1636519151.jpeg,3012,-1.5625,-0.2,12.6,12.8,12.8,12.5,1774255950243,10/NOV/2021,782079.8,61672,41,4199999995.8,0.0,12.8,12.6,61672,41,0
5472,EXTERMINATORS PLC,EXT.N0000,upload_logo/2741_1648550242.jpeg,30,-6.0,-0.6,9.4,10.0,9.8,9.3,1774255387335,30/MAR/2022,576283.5,61375,20,496813114.6,0.0,9.4,9.4,61375,20,2
528,FIRST CAPITAL HOLDINGS PLC,CFVF.N0000,upload_logo/698_1669717288.jpeg,50,0.0,0.0,49.5,49.5,49.5,48.4,1774256282833,22/AUG/1994,2576702.2,52567,139,20047500000.0,0.0,49.5,49.5,52567,139,2
5330,First Capital Treasuries PLC,FCT.N0000,upload_logo/1426_1669717257.jpeg,262,-0.9836065573770492,-0.3,30.2,30.5,30.5,29.9,1774256368627,02/MAR/2015,1966947.2,65230,91,18591120000.0,0.0,30.2,30.2,65230,91,0
116,GALADARI HOTELS (LANKA) PLC,GHLL.N0000,upload_logo/541_1601610774.jpeg,200,-3.0864197530864197,-0.5,15.7,16.2,16.0,15.1,1774256297479,01/JAN/1970,315623.4,20433,33,7863024154.8,0.0,15.5,15.7,20433,33,1
533,GALLE FACE CAPITAL PARTNERS PLC,WAPO.N0000,upload_logo/612_1646800683.jpeg,450,-8.135461268976256,-2.09,23.6,25.69,27.0,21.0,1774256387429,21/NOV/2001,2852544.7,121563,146,2792543537.6,0.0,27.0,23.6,121563,146,0
466,GESTETNER OF CEYLON PLC,GEST.N0000,upload_logo/746_1601459113.jpeg,13,-3.3843674456083805,-10.5,299.75,310.25,309.0,290.0,1774250561022,01/JAN/1965,347627.5,1159,8,796679147.0,0.0,309.0,299.75,1159,8,0
2091,GREENTECH ENERGY PLC,MEL.N0000,upload_logo/Ehl7iE9DqgrZwAbZ_13Feb2024123138GMT_1707827498001.jpeg,3000,16.9811320754717,0.9,6.2,5.3,6.6,5.4,1774256387364,25/APR/2012,8705789.7,1405172,325,620000000.0,0.0,5.5,6.2,1405172,325,2
132,HAPUGASTENNE PLANTATIONS PLC,HAPU.N0000,upload_logo/708_1192775435.gif,40,2.914389799635701,1.6,56.5,54.9,58.0,56.0,1774253978866,25/MAR/1998,19704.0,349,5,2616842078.5,0.0,56.0,56.5,349,5,3
167,HARISCHANDRA MILLS PLC,HARI.N0000,upload_logo/482_1601622559.jpeg,3,0.0,0.0,4619.0,4619.0,4899.75,4800.0,1774246286413,01/JAN/1983,24299.25,5,2,8866632400.0,0.0,4800.0,4619.0,5,2,2
340,HATTON NATIONAL BANK PLC,HNB.X0000,upload_logo/q5ADDCBJcSu1tpSc_16May2023081336GMT_1684224816035.jpeg,1,-0.9752438109527382,-3.25,330.0,333.25,335.0,324.0,1774256388297,01/JAN/1971,43950405.0,133605,316,38231398260.0,0.0,330.0,330.0,133605,316,0
172,HATTON NATIONAL BANK PLC,HNB.N0000,upload_logo/q5ADDCBJcSu1tpSc_16May2023081336GMT_1684224816035.jpeg,663,-0.8894536213468869,-3.5,390.0,393.5,392.0,388.5,1774256387365,01/JAN/1971,55652140.25,142738,460,177827704860.0,0.0,392.0,390.0,142738,460,0
4058,HATTON PLANTATIONS PLC,HPL.N0000,upload_logo/1045_1601461418.jpeg,20,0.0,0.0,22.3,22.3,23.1,22.1,1774256297946,02/FEB/2018,568981.2,25460,32,5277666763.3,0.0,23.1,22.3,25460,32,2
31,HAYCARB PLC,HAYC.N0000,upload_logo/494_1600924411.jpeg,47,-0.23148148148148148,-0.25,107.75,108.0,108.5,106.0,1774256226660,01/JAN/1975,12073450.0,112781,156,32015084062.5,0.0,107.0,107.75,112781,156,0
331,HAYLEYS FABRIC PLC,MGT.N0000,upload_logo/403_1442910137.jpeg,1,-2.5157232704402515,-0.8,31.0,31.8,32.2,30.8,1774256378701,23/APR/2003,4766514.8,152384,130,12879935056.0,0.0,31.6,31.0,152384,130,0
524,HAYLEYS FIBRE PLC,HEXP.N0000,upload_logo/768_1352700410.jpeg,800,-5.298013245033113,-6.0,107.25,113.25,110.0,106.0,1774256378990,17/MAR/1992,570050.5,5255,25,2574000000.0,0.0,110.0,107.25,5255,25,0
214,HAYLEYS LEISURE PLC,CONN.N0000,upload_logo/532_1633404386.jpeg,200,-5.245901639344262,-1.6,28.9,30.5,29.9,28.2,1774255285706,11/MAR/1996,286818.0,10032,16,3120909786.2,0.0,28.5,28.9,10032,16,0
175,HAYLEYS PLC,HAYL.N0000,upload_logo/505_1600924002.jpeg,50,-1.0843373493975903,-2.25,205.25,207.5,207.0,199.0,1774256387184,01/JAN/1953,100594480.25,491518,273,153937500000.0,0.0,205.0,205.25,691518,275,0
5431,HELA APPAREL HOLDINGS PLC,HELA.N0000,upload_logo/2727_1644209016.jpeg,20000,-3.5714285714285716,-0.1,2.7,2.8,2.8,2.6,1774256234955,07/FEB/2022,800234.2,295822,67,4419216324.9,0.0,2.8,2.7,295822,67,1
325,HEMAS HOLDINGS PLC,HHL.N0000,upload_logo/506_1601461453.jpeg,65,-2.0905923344947737,-0.6,28.1,28.7,28.6,27.7,1774256349071,15/OCT/2003,14759048.0,525724,387,84159078921.5,0.0,28.6,28.1,525724,387,0
2229,HIKKADUWA BEACH RESORT PLC,CITH.N0000,upload_logo/1222_1601461493.jpeg,1025,-2.7777777777777777,-0.1,3.5,3.6,3.5,3.4,1774255876641,17/DEC/2012,2669639.0,771466,51,1899322358.5,0.0,3.5,3.5,771466,51,2
5,HNB ASSURANCE PLC,HASU.N0000,upload_logo/375_1601461523.jpeg,25,-1.8828451882845187,-2.25,117.25,119.5,120.0,117.0,1774256359165,28/NOV/2003,6871693.0,58436,93,17587500000.0,0.0,120.0,117.25,58436,93,0
4680,HNB FINANCE PLC,HNBF.N0000,upload_logo/Tn86429VCj6DiVc0_11Jun2024091959GMT_1718097599558.png,5,-2.247191011235955,-0.2,8.7,8.9,8.9,8.5,1774256390080,08/JAN/2020,11702509.2,1344717,181,14942263806.9,0.0,8.8,8.7,1344717,181,2
4681,HNB FINANCE PLC,HNBF.X0000,upload_logo/Tn86429VCj6DiVc0_11Jun2024091959GMT_1718097599558.png,8000,-1.25,-0.1,7.9,8.0,8.0,7.7,1774256267436,08/JAN/2020,1510551.4,191198,43,2846567500.0,0.0,8.0,7.9,191198,43,2
103,HORANA PLANTATIONS PLC,HOPL.N0000,upload_logo/709_1192776068.gif,24,-3.2679738562091503,-1.5,44.4,45.9,45.0,44.1,1774254935435,12/FEB/1996,61827.0,1392,9,1110000000.0,0.0,45.0,44.4,1392,9,0
183,HOTEL SIGIRIYA PLC,HSIG.N0000,,10,0.14388489208633093,0.1,69.6,69.5,71.9,68.4,1774244596059,01/JAN/1981,909990.2,13114,13,1223359200.0,0.0,68.4,69.6,13114,13,0
355,HOUSING DEVELOPMENT FINANCE CORPORATION BANK OF SL,HDFC.N0000,upload_logo/376_1649304781.jpeg,460,-7.7405857740585775,-3.7,44.1,47.8,45.0,44.0,1774256326904,12/NOV/2003,1194148.2,26832,78,2853733932.0,0.0,45.0,44.1,26832,78,0
5311,hSenid Business Solutions PLC,HBS.N0000,upload_logo/2652_1640063399.jpeg,200,-4.0201005025125625,-0.8,19.1,19.9,19.2,18.5,1774256156269,21/DEC/2021,2289884.0,121272,42,5448365896.9,0.0,19.2,19.1,121272,42,0
276,HUNAS HOLDINGS PLC,HUNA.N0000,upload_logo/546_1679650234.jpeg,1560,-1.829268292682927,-0.3,16.1,16.4,17.0,16.0,1774247140319,18/OCT/1993,303156.8,18759,30,13669383000.0,0.0,16.3,16.1,18759,30,2
1786,HVA FOODS PLC,HVA.N0000,upload_logo/1046_1603172491.jpeg,28000,-6.0606060606060606,-0.4,6.2,6.6,6.5,6.1,1774256367056,15/FEB/2011,8937481.0,1427745,185,1516062365.6,0.0,6.5,6.2,1427745,185,2
269,INDUSTRIAL ASPHALTS (CEYLON) PLC,ASPH.N0000,upload_logo/495_1645043761.jpeg,1,0.0,0.0,0.4,0.4,0.4,0.3,1774256370727,01/JAN/1978,109713.4,322987,36,1499764500.0,0.0,0.4,0.4,322987,36,0
6616,INSUREME INSURANCE BROKERS PLC,INME.N0000,upload_logo/k5ZI4bwCR2ebyC13_1Dec2025061934GMT_1764569974876.png,2,0.0,0.0,1300.0,1300.0,1300.0,1273.0,1774256334064,28/NOV/2025,50444.0,39,8,2671877000.0,0.0,1275.0,1300.0,39,8,5
3495,JANASHAKTHI FINANCE PLC,BFN.N0000,upload_logo/eYiY5IqPRW8jl1xm_28May2025041707GMT_1748405827532.jpeg,30,7.308970099667774,2.2,32.3,30.1,32.4,30.0,1774256077375,30/JUN/2011,42279.3,1343,12,6818567306.5,0.0,30.0,32.3,1343,12,3
941,JANASHAKTHI INSURANCE PLC,JINS.N0000,upload_logo/841_1601610813.jpeg,50,0.4056795131845842,0.5,123.75,123.25,124.0,117.5,1774256396944,21/JUL/2008,10529229.5,87956,228,28032611433.75,0.0,120.0,123.75,87956,228,2
5127,JAT HOLDINGS PLC,JAT.N0000,upload_logo/2353_1628739293.jpeg,1000,-1.0230179028132993,-0.4,38.7,39.1,39.9,37.5,1774256383047,12/AUG/2021,4371579.4,113225,114,20218291621.2,0.0,38.0,38.7,113225,114,0
4019,JETWING SYMPHONY PLC,JETS.N0000,upload_logo/1686_1601461685.jpeg,3000,-0.7142857142857143,-0.1,13.9,14.0,14.0,13.6,1774256226190,05/JAN/2018,834412.2,60348,64,8370420970.1,0.0,14.0,13.9,60348,64,2
6577,JF PACKAGING PLC,JFP.N0000,upload_logo/Z6lznKl0t3AEpkcg_18Nov2025135046GMT_1763473846131.jpeg,1,-2.816901408450704,-0.4,13.8,14.2,14.0,13.8,1774254629446,19/NOV/2025,846172.0,61006,39,2375407027.2,0.0,14.0,13.8,61006,39,0
297,JOHN KEELLS HOLDINGS PLC,JKH.N0000,upload_logo/dzfJJcujeDHnGn8j_27Dec2025052535GMT_1766813135197.jpeg,100,-1.092896174863388,-0.2,18.1,18.3,18.1,17.8,1774256395748,23/OCT/1986,154094945.9,8569975,1520,320323255555.4,0.0,18.0,18.1,12569975,1522,0
104,JOHN KEELLS HOTELS PLC,KHL.N0000,upload_logo/561_1601461800.jpeg,1000,-2.9940119760479043,-0.5,16.2,16.7,16.5,16.1,1774256273107,17/SEP/2004,2601435.7,159550,126,23589577836.0,0.0,16.5,16.2,159550,126,2
284,JOHN KEELLS PLC,JKL.N0000,upload_logo/731_1601461860.jpeg,198,-4.316546762589928,-3.6,79.8,83.4,83.9,79.5,1774255574832,01/JAN/1974,159147.7,1974,21,4851840000.0,0.0,83.9,79.8,1974,21,2
8,KAHAWATTE  PLANTATIONS  PLC,KAHA.N0000,upload_logo/710_1192776530.gif,491,0.0,0.0,17.0,17.0,17.8,17.0,1774246164293,02/DEC/1998,10225.0,601,3,1689913747.0,0.0,17.8,17.0,601,3,0
5371,KAPRUKA HOLDINGS PLC,KPHL.N0000,upload_logo/oBzbDpcH7nghgCyp_22Dec2025081928GMT_1766391568600.png,9010,-4.310344827586207,-1.0,22.2,23.2,23.0,21.3,1774256349020,07/JAN/2022,3099260.6,140349,97,3643693992.0,0.0,22.5,22.2,140349,97,0
227,KEELLS FOOD PRODUCTS PLC,KFP.N0000,upload_logo/483_1603172511.jpeg,7,-2.7950310559006213,-4.5,156.5,161.0,170.0,155.0,1774255723428,01/JAN/1983,227498.5,1451,23,3990750000.0,0.0,170.0,156.5,1451,23,2
372,KEGALLE  PLANTATIONS  PLC,KGAL.N0000,upload_logo/711_1192777282.gif,8,-0.1988071570576541,-0.25,125.5,125.75,130.0,124.75,1774255564952,08/JAN/1996,249485.75,1988,8,3137500000.0,0.0,126.0,125.5,1988,8,0
279,KELANI CABLES PLC,KCAB.N0000,upload_logo/672_1400232738.jpeg,2,-6.323185011709602,-6.75,100.0,106.75,103.5,98.0,1774256297294,01/JAN/1974,7557877.4,75525,153,21800000000.0,0.0,100.0,100.0,75525,153,0
82,KELANI TYRES PLC,TYRE.N0000,upload_logo/673_1192693045.gif,10,-3.260869565217391,-2.7,80.1,82.8,82.5,80.0,1774256334787,28/JAN/1994,5222813.7,65161,74,6440040000.0,0.0,82.0,80.1,65161,74,0
316,KELANI VALLEY PLANTATIONS PLC,KVAL.N0000,upload_logo/712_1370325823.jpeg,40,-3.3877038895859473,-2.7,77.0,79.7,78.1,74.0,1774255846136,18/JAN/1996,1231554.0,16317,78,5236000000.0,0.0,78.0,77.0,16317,78,0
241,KERNER HAUS GLOBAL SOLUTIONS PLC,CPRT.N0000,upload_logo/1LTQGJ3waHpDHPKW_4Nov2025090350GMT_1762247030603.jpeg,2,-7.673964881855626,-177.0,2129.5,2306.5,2300.0,2100.0,1774256358048,01/JAN/1974,3931049.25,1797,84,1278062015.0,0.0,2300.0,2129.5,1797,84,3
147,KOTAGALA PLANTATIONS PLC,KOTA.N0000,upload_logo/713_1192778513.gif,500,-2.5,-0.2,7.8,8.0,8.0,7.7,1774254569975,12/DEC/1995,2481707.2,318717,59,3300496875.0,0.0,7.9,7.8,318717,59,0
389,KOTMALE HOLDINGS PLC,LAMB.N0000,,2,0.0,0.0,1235.5,1235.5,1248.0,1198.25,1774251791002,01/JAN/1969,51930.5,43,6,38794700000.0,0.0,1198.25,1235.5,43,6,3
322,LB FINANCE PLC,LFIN.N0000,upload_logo/379_1601610854.jpeg,3,-1.4571948998178506,-2.0,135.25,137.25,141.0,130.0,1774256380705,30/DEC/1997,10943105.75,80660,217,74936227644.0,0.0,136.0,135.25,80660,217,0
137,LAKE HOUSE PRINTERS & PUBLISHERS PLC,LPRT.N0000,upload_logo/741_1193025984.gif,57,-8.759757155247181,-50.5,526.0,576.5,550.5,525.0,1774253207161,01/JAN/1975,66343.75,125,12,1544990870.0,0.0,550.5,526.0,125,12,0
18,LANKA ALUMINIUM INDUSTRIES PLC,LALU.N0000,upload_logo/674_1192698681.gif,19756,-4.878048780487805,-2.0,39.0,41.0,40.0,39.0,1774256038206,20/APR/1987,2476424.5,63195,51,2672050485.0,0.0,40.0,39.0,63195,51,0
550,LANKA ASHOK LEYLAND PLC,ASHO.N0000,upload_logo/695_1601610877.jpeg,10,-4.163385826771654,-105.75,2434.25,2540.0,2579.5,2400.0,1774256311814,01/JAN/1983,3854435.75,1585,64,8814037072.75,0.0,2560.0,2434.25,1585,64,0
259,LANKA CERAMIC PLC,CERA.N0000,upload_logo/676_1601611077.jpeg,1,-2.4390243902439024,-4.25,170.0,174.25,174.75,166.0,1774255528435,07/APR/1993,74835.75,442,7,1020000000.0,0.0,166.0,170.0,442,7,2
5251,LANKA CREDIT AND BUSINESS FINANCE PLC,LCBF.N0000,upload_logo/2512_1637033956.jpeg,25,-5.128205128205129,-0.4,7.4,7.8,7.7,7.3,1774256397045,16/NOV/2021,47577697.8,6361936,398,5847248972.0,0.0,7.6,7.4,6361936,398,2
553,LANKA IOC PLC,LIOC.N0000,upload_logo/729_1603173445.jpeg,10,0.17889087656529518,0.25,140.0,139.75,145.0,139.5,1774256353426,22/DEC/2004,122153491.5,865627,594,74545198700.0,0.0,140.25,140.0,865627,594,0
518,LANKA MILK FOODS (CWE) PLC,LMF.N0000,upload_logo/486_1192178729.gif,50,-3.7831021437578816,-3.0,76.3,79.3,77.0,74.0,1774256297338,01/JAN/1983,44047512.7,579534,342,30518474000.0,0.0,75.0,76.3,579534,342,0
250,LANKA REALTY INVESTMENTS PLC,ASCO.N0000,upload_logo/401_1667891703.jpeg,150,-2.5522041763341066,-1.1,42.0,43.1,43.0,37.3,1774255094606,01/JAN/1969,1681364.0,42768,17,8877557976.0,0.0,37.3,42.0,42768,17,0
337,LANKA TILES PLC,TILE.N0000,upload_logo/FADtPapIV26yow9G_22Jul2024093715GMT_1721641035603.jpeg,10,-1.146788990825688,-0.5,43.1,43.6,43.3,42.2,1774256349469,01/JUN/1986,1313113.0,30769,78,11432363355.0,0.0,43.1,43.1,30769,78,0
443,LANKA VENTURES PLC,LVEN.N0000,upload_logo/377_1601611136.jpeg,2,10.666666666666666,5.6,58.1,52.5,62.5,53.5,1774256370129,08/JUN/1995,6223639.8,106925,116,3388678549.2,0.0,53.9,58.1,106925,116,0
67,LANKA WALLTILE PLC,LWL.N0000,upload_logo/rjQu3MIImbVm4Q5c_22Jul2024093537GMT_1721640937226.jpeg,632,-1.1363636363636365,-0.5,43.5,44.0,43.7,43.2,1774256167461,13/JUN/1994,748707.1,17221,52,11875500000.0,0.0,43.6,43.5,17221,52,1
527,LANKEM CEYLON PLC,LCEY.N0000,upload_logo/497_1192179288.gif,738,-4.030226700251889,-1.6,38.1,39.7,40.8,37.8,1774253805874,01/JAN/1970,82493.7,2158,15,5229428911.2,0.0,38.5,38.1,2158,15,2
546,LANKEM DEVELOPMENTS PLC,LDEV.N0000,upload_logo/446_1192516470.gif,15,-6.0109289617486334,-1.1,17.2,18.3,18.2,17.2,1774255471594,01/JAN/1975,43216.7,2486,13,2752000000.0,0.0,18.2,17.2,2486,13,0
1724,LAUGFS GAS PLC,LGL.N0000,upload_logo/1020_1536297346.jpeg,180,-0.7633587786259542,-0.4,52.0,52.4,54.2,49.0,1774256334160,08/DEC/2010,1259677.8,24177,71,17420004472.0,0.0,51.5,52.0,24177,71,0
1744,LAUGFS GAS PLC,LGL.X0000,upload_logo/1020_1536297346.jpeg,100,3.061224489795918,1.2,40.4,39.2,42.0,37.0,1774255094456,08/DEC/2010,1363828.6,33105,57,2100800000.0,0.0,42.0,40.4,33105,57,0
4562,LAUGFS POWER PLC,LPL.X0000,upload_logo/1930_1583209637.jpeg,6000,1.1235955056179776,0.1,9.0,8.9,9.5,8.5,1774255783627,30/OCT/2019,2236919.0,248279,43,468000000.0,0.0,8.9,9.0,248279,43,2
4561,LAUGFS POWER PLC,LPL.N0000,upload_logo/1930_1583209637.jpeg,100,1.8518518518518519,0.2,11.0,10.8,11.8,10.3,1774251389474,30/OCT/2019,7889925.0,716636,89,3685000946.0,0.0,10.8,11.0,716636,89,2
382,LAXAPANA PLC,LITE.N0000,,5,-10.071942446043165,-4.2,37.5,41.7,46.0,37.0,1774256399695,01/JAN/1982,4139083.7,108874,146,2483435212.5,0.0,41.0,37.5,108874,146,0
198,LEE HEDGES PLC,SHAW.N0000,,28,-0.9523809523809523,-2.0,208.0,210.0,220.0,208.0,1774256396792,01/JAN/1954,2129725.0,10238,41,5325367840.0,0.0,208.0,208.0,10238,41,0
415,LION BREWERY (CEYLON) PLC,LION.N0000,upload_logo/h86lOvFReO03p0OK_13Mar2026060110GMT_1773381670392.png,4,-2.4167403477748306,-41.0,1655.5,1696.5,1750.0,1650.0,1774246103435,22/JAN/1997,178797.75,108,4,132440000000.0,0.0,1650.0,1655.5,108,4,0
1847,LOLC FINANCE PLC,LOFC.N0000,upload_logo/TsNgkWUI2a1CtTbN_27Dec2025051430GMT_1766812470566.jpeg,2,-3.8461538461538463,-0.2,5.0,5.2,5.1,4.9,1774256378099,07/JUL/2011,8138548.6,1629538,277,147800735805.0,0.0,5.1,5.0,1629538,277,3
5355,LOLC GENERAL INSURANCE PLC,LGIL.N0000,upload_logo/2693_1640884312.jpeg,1900,1.492537313432836,0.1,6.8,6.7,7.0,6.5,1774255745624,31/DEC/2021,255801.4,37817,39,8160000000.0,0.0,7.0,6.8,37817,39,2
410,L O L C HOLDINGS PLC,LOLC.N0000,upload_logo/378_1601611239.jpeg,1,-0.9263773768893223,-4.75,508.0,512.75,510.25,504.0,1774256334445,01/JAN/1982,11296020.5,22288,115,241401600000.0,0.0,505.0,508.0,22288,115,0
1665,LOTUS HYDRO POWER PLC,HPFL.N0000,upload_logo/1000_1603173465.jpeg,80,-0.7299270072992701,-0.1,13.6,13.7,15.0,13.5,1774255700978,25/NOV/2010,573468.5,40483,93,1483598323.2,0.0,13.7,13.6,40483,93,2
5532,LUMINEX PLC,LUMX.N0000,upload_logo/2790_1655963030.jpeg,100,0.0,0.0,8.3,8.3,8.4,8.0,1774255300287,23/JUN/2022,881302.2,108507,43,2251375000.0,0.0,8.1,8.3,108507,43,2
4038,L V L ENERGY FUND PLC,LVEF.N0000,upload_logo/1707_1601611265.jpeg,1880,13.698630136986301,1.0,8.3,7.3,8.7,7.2,1774256393884,09/JAN/2018,74552621.1,9044687,1231,5799490058.6,0.0,7.2,8.3,9044687,1231,0
170,MADULSIMA  PLANTATIONS  PLC,MADU.N0000,upload_logo/ETqGjgnA01aWsbXm_16Jan2026202010GMT_1768594810986.webp,1,0.8928571428571429,0.1,11.3,11.2,11.5,10.9,1774251557531,06/JUL/1998,1309.4,116,3,1915362396.1,0.0,10.9,11.3,116,3,3
6032,MAHARAJA FOODS PLC,MFPE.N0000,upload_logo/rKOVwiiAhFtKTrxH_25Jul2024100137GMT_1721901697163.png,250,-2.4193548387096775,-0.3,12.1,12.4,12.2,11.7,1774256254544,26/JUL/2024,241278.5,20225,28,1663750000.0,0.0,12.2,12.1,20225,28,5
4439,MAHAWELI COCONUT PLANTATIONS PLC,MCPL.N0000,upload_logo/1907_1601611287.jpeg,38,-4.9603174603174605,-2.5,47.9,50.4,50.8,47.9,1774253684531,03/JUN/2019,99651.2,2079,8,1676313908.5,0.0,50.8,47.9,2079,8,2
187,MAHAWELI REACH HOTELS PLC,MRH.N0000,upload_logo/563_1601462254.jpeg,78,-5.625,-0.9,15.1,16.0,15.8,15.1,1774255431596,01/JAN/1982,21431.6,1419,9,710703349.7,0.0,15.5,15.1,1419,9,2
439,MALWATTE VALLEY PLANTATION PLC,MAL.N0000,upload_logo/722_1192785554.gif,1,0.0,0.0,56.3,56.3,56.1,56.1,1774239574416,26/JUL/2000,56.1,1,1,11417208235.3,0.0,56.1,56.3,1,1,0
1595,MALWATTE VALLEY PLANTATION PLC,MAL.X0000,upload_logo/722_1192785554.gif,1300,-0.7633587786259542,-0.3,39.0,39.3,39.1,34.1,1774256051148,26/JUL/2000,113094.0,3000,15,789775740.0,0.0,37.1,39.0,3000,15,0
107,MARAWILA  RESORTS  PLC,MARA.N0000,,1000,-5.2631578947368425,-0.3,5.4,5.7,5.5,5.3,1774256359827,18/JUN/1997,2793917.8,520601,49,1900386300.6,0.0,5.5,5.4,520601,49,2
388,MASKELIYA PLANTATIONS PLC,MASK.N0000,upload_logo/723_1192785889.gif,250,-2.857142857142857,-1.9,64.6,66.5,66.0,63.0,1774247372348,05/NOV/1997,211159.5,3303,16,3485395389.4,0.0,64.0,64.6,3303,16,2
3695,MELSTACORP PLC,MELS.N0000,upload_logo/1507_1483005125.jpeg,300,-0.9090909090909091,-1.5,163.5,165.0,165.0,162.0,1774256184452,30/DEC/2016,5710192.0,35074,108,190542421272.0,0.0,165.0,163.5,35074,108,0
1799,MERCANTILE INVESTMENTS AND FINANCE PLC,MERC.N0000,upload_logo/1064_1601462304.jpeg,400,-1.7241379310344827,-0.5,28.5,29.0,28.7,28.2,1774253983774,02/JUN/2011,442360.6,15517,23,17134200000.0,0.0,28.7,28.5,15517,23,2
209,MERCANTILE SHIPPING COMPANY PLC,MSL.N0000,upload_logo/742_1193026791.gif,1,2.798053527980535,5.75,211.25,205.5,215.75,205.5,1774253883404,01/JAN/1983,59369.0,282,12,601004137.5,0.0,208.0,211.25,282,12,0
400,MERCHANT BANK OF SRI LANKA & FINANCE PLC,MBSL.N0000,upload_logo/380_1601462338.jpeg,7500,-4.62962962962963,-0.5,10.3,10.8,10.5,10.3,1774256053261,04/JAN/1991,910559.0,87179,20,5402758261.1,0.0,10.5,10.3,87179,20,2
3055,MILLENNIUM HOUSING DEVELOPERS PLC,MHDL.N0000,upload_logo/1304_1392780761.jpeg,8500,3.7037037037037037,0.3,8.4,8.1,8.7,8.0,1774256399915,19/FEB/2014,2393256.9,295978,124,1131323088.0,0.0,8.1,8.4,295978,124,1
384,MULLER & PHIPPS (CEYLON) PLC,MULL.N0000,upload_logo/763_1193039070.gif,500,0.0,0.0,1.9,1.9,2.0,1.9,1774256077340,01/JAN/1965,96612.0,50759,17,537700000.0,0.0,1.9,1.9,50759,17,0
5351,MYLAND DEVELOPMENTS PLC,MDL.N0000,upload_logo/2672_1640636102.jpeg,7814,-5.936073059360731,-1.3,20.6,21.9,21.0,20.5,1774255636376,28/DEC/2021,508438.4,24594,24,746750000.0,0.0,21.0,20.6,24594,24,2
291,NAMUNUKULA PLANTATIONS PLC,NAMU.N0000,upload_logo/725_1192787431.gif,100,-0.3333333333333333,-0.2,59.8,60.0,61.9,58.1,1774256395661,10/MAR/1999,1838559.6,31063,54,14202500000.0,0.0,59.9,59.8,31063,54,0
77,NATIONAL DEVELOPMENT BANK PLC,NDB.N0000,upload_logo/7rxY42O5iDArNVtY_9Feb2024065548GMT_1707461748749.jpeg,4100,-1.6981132075471699,-2.25,130.25,132.5,131.0,128.0,1774256357850,26/APR/1993,23510062.25,181614,329,55602351774.25,0.0,130.0,130.25,181614,329,0
4077,NATIONS TRUST BANK PLC,NTB.X0000,upload_logo/387_1216701989.gif,7,0.0,0.0,400.0,400.0,415.0,410.0,1774256380534,03/MAY/1999,3700.0,9,3,17974104800.0,0.0,415.0,400.0,9,3,0
9,NATIONS TRUST BANK PLC,NTB.N0000,upload_logo/387_1216701989.gif,5,-2.25022502250225,-6.25,271.5,277.75,277.5,268.5,1774256334107,03/MAY/1999,32094389.25,118367,267,78325443336.0,0.0,276.0,271.5,118367,267,0
230,NAWALOKA HOSPITALS PLC,NHL.N0000,upload_logo/980_1639713051.jpeg,5,-1.9047619047619047,-0.2,10.3,10.5,10.7,10.2,1774255037257,09/SEP/2004,439494.3,42506,37,14517907638.8,0.0,10.5,10.3,42506,37,0
1596,ODEL PLC,ODEL.N0000,,100,0.0,0.0,12.5,12.5,12.7,12.4,1774256273806,04/AUG/2010,240701.1,19105,18,6729624175.0,0.0,12.7,12.5,19105,18,1
526,OFFICE EQUIPMENT PLC,OFEQ.N0000,upload_logo/769_1603173546.jpeg,1,-3.6732456140350878,-16.75,439.25,456.0,452.0,370.25,1774252123838,01/JAN/1974,66323.0,151,17,366141230.0,0.0,452.0,439.25,151,17,3
492,ON'ALLY HOLDINGS PLC,ONAL.N0000,upload_logo/627_1601462418.jpeg,100,0.5555555555555556,0.2,36.2,36.0,37.7,36.0,1774256378458,20/OCT/1988,37980.0,1025,11,3366711749.4,0.0,37.7,36.2,1025,11,3
387,OVERSEAS REALTY (CEYLON) PLC,OSEA.N0000,upload_logo/628_1601462449.jpeg,4000,-2.926829268292683,-1.2,39.8,41.0,41.2,39.1,1774256387421,01/JAN/1982,8243719.7,206649,214,49472577363.6,0.0,40.5,39.8,206649,214,2
354,PALM GARDEN HOTELS PLC,PALM.N0000,upload_logo/529_1601462485.jpeg,10,-0.8833922261484098,-0.5,56.1,56.6,56.2,55.4,1774245985528,08/MAR/1993,9257.0,165,6,26700065700.0,0.0,56.2,56.1,165,6,3
105,PAN ASIA BANKING CORPORATION PLC,PABC.N0000,upload_logo/388_1601462524.jpeg,300,-1.2048192771084338,-0.6,49.2,49.8,49.5,48.1,1774256359554,05/APR/2005,7775227.7,159167,287,21774032146.8,0.0,49.5,49.2,159167,287,0
1784,PANASIAN POWER PLC,PAP.N0000,upload_logo/1040_1601462556.jpeg,2349,5.025125628140704,1.0,20.9,19.9,21.3,19.1,1774256305815,07/JAN/2011,44531909.3,2161292,510,13062500000.0,0.0,19.7,20.9,2161292,510,0
487,PARAGON CEYLON PLC,PARA.N0000,upload_logo/743_1603173619.jpeg,1,-12.195121951219512,-58.75,423.0,481.75,499.0,423.0,1774254472029,01/JAN/1974,419376.75,991,9,423118440.0,0.0,424.0,423.0,991,9,3
504,PEGASUS HOTELS OF CEYLON PLC,PEG.N0000,upload_logo/H0UKYIp7DUCwkuxJ_13Mar2026060036GMT_1773381636463.png,5,-0.8498583569405099,-0.3,35.0,35.3,35.0,35.0,1774255193110,01/JAN/1970,17780.0,508,4,1477366450.0,0.0,35.0,35.0,508,4,2
3461,PEOPLE'S INSURANCE PLC,PINS.N0000,upload_logo/eMGMdbZtt5XQ0nTL_2Jun2023052542GMT_1685683542305.png,50,-5.185185185185185,-1.4,25.6,27.0,26.9,24.7,1774256124869,12/JAN/2016,541934.0,21365,65,5212991436.8,0.0,26.1,25.6,21365,65,0
1968,PEOPLE'S LEASING & FINANCE PLC,PLC.N0000,upload_logo/1103_1600926857.jpeg,278,-3.4782608695652173,-0.8,22.2,23.0,22.9,21.8,1774256149317,24/NOV/2011,784293.1,35610,78,49059052861.2,0.0,22.0,22.2,35610,78,0
486,PGP GLASS CEYLON PLC,GLAS.N0000,upload_logo/666_1637124028.jpeg,10,-2.294455066921606,-1.2,51.1,52.3,52.8,50.2,1774256051142,05/SEP/1994,2723173.5,53282,44,48549398688.0,0.0,52.0,51.1,53282,44,0
523,PMF FINANCE PLC,PMB.N0000,upload_logo/405_1668414284.jpeg,2,-3.5714285714285716,-0.4,10.8,11.2,11.1,10.3,1774256390834,11/JUL/1994,272040.9,26183,26,4377258900.0,0.0,11.1,10.8,26183,26,2
4986,PRIME LANDS RESIDENCIES PLC,PLR.N0000,upload_logo/oc39KineiYln5UAB_20Jun2024104606GMT_1718880366051.png,22,-2.542372881355932,-1.2,46.0,47.2,47.0,44.0,1774256334646,08/JUN/2021,74728334.6,1627128,635,43125000000.0,0.0,44.0,46.0,1627128,635,2
258,PRINTCARE PLC,CARE.N0000,upload_logo/681_1259581320.jpeg,908,-0.22675736961451248,-0.1,44.0,44.1,45.0,43.0,1774253005416,02/MAY/1995,250336.8,5710,25,3782533480.0,0.0,44.1,44.0,5710,25,0
3815,R I L PROPERTY PLC,RIL.N0000,upload_logo/1544_1496204709.jpeg,2000,-5.118110236220472,-1.3,24.1,25.4,25.0,23.9,1774256311833,04/MAY/2017,21761839.7,897980,218,19280000000.0,0.0,25.0,24.1,897980,218,0
203,RADIANT GEMS INTERNATIONAL PLC,RGEM.N0000,upload_logo/770_1193045557.gif,150,5.065359477124183,7.75,160.75,153.0,161.0,154.0,1774248916480,01/JAN/1983,246969.5,1576,20,385800000.0,0.0,154.0,160.75,1576,20,0
1561,RAIGAM WAYAMBA SALTERNS PLC,RWSL.N0000,,500,-2.1621621621621623,-0.4,18.1,18.5,18.4,17.8,1774256273323,29/APR/2010,718039.8,39817,33,5107952492.0,0.0,18.4,18.1,39817,33,2
2150,RAMBODA FALLS PLC,RFL.N0000,upload_logo/1185_1347261816.jpeg,900,-3.0303030303030303,-1.0,32.0,33.0,34.9,32.0,1774256241664,18/JUN/2012,32044.9,1001,3,640000000.0,0.0,34.9,32.0,1001,3,2
1485,RENUKA AGRI FOODS PLC,RAL.N0000,upload_logo/901_1414044223.jpeg,3,-7.563025210084033,-0.9,11.0,11.9,11.5,10.9,1774256399659,04/JAN/2010,22174628.3,1994282,380,8787122355.0,0.0,11.5,11.0,1994282,380,0
478,RENUKA CITY HOTELS PLC.,RENU.N0000,upload_logo/569_1192600579.gif,8,0.0,0.0,773.0,773.0,773.0,770.0,1774255986589,19/OCT/1992,19280.0,25,3,5411000000.0,0.0,773.0,773.0,25,3,0
507,RENUKA FOODS PLC,COCO.N0000,upload_logo/461_1414044348.jpeg,30,-5.225225225225225,-1.45,26.3,27.75,29.9,22.5,1774254578027,06/JUN/1994,2265084.4,91048,96,9468279674.2,0.0,26.9,26.3,91048,96,0
1521,RENUKA FOODS PLC,COCO.X0000,upload_logo/461_1414044348.jpeg,300,-9.213483146067416,-2.05,20.2,22.25,24.3,20.0,1774254065658,06/JUN/1994,3819834.1,187569,72,295194720.0,0.0,20.1,20.2,187569,72,0
1481,RENUKA HOLDINGS PLC,RHL.X0000,upload_logo/Ou2cXXprvQWaAT6r_5Jul2023093116GMT_1688549476409.jpeg,1,0.0,0.0,40.5,40.5,39.9,38.3,1774242418469,10/MAR/2008,805.9,21,2,980169619.5,0.0,38.3,40.5,21,2,0
701,RENUKA HOLDINGS PLC,RHL.N0000,upload_logo/Ou2cXXprvQWaAT6r_5Jul2023093116GMT_1688549476409.jpeg,70,-4.801670146137787,-2.3,45.6,47.9,47.0,45.0,1774252544580,10/MAR/2008,257477.6,5642,32,7546265157.6,0.0,47.0,45.6,5642,32,0
3938,RENUKA HOTELS PLC,RCH.N0000,upload_logo/1631_1511238293.jpeg,2,-2.0,-4.0,196.0,200.0,200.0,190.0,1774256326242,21/NOV/2017,296262.5,1538,30,7898315880.0,0.0,193.0,196.0,1538,30,2
1446,RESUS ENERGY PLC,HPWR.N0000,upload_logo/881_1604034999.jpeg,10000,2.0833333333333335,0.2,9.8,9.6,10.5,9.5,1774256399768,08/OCT/2009,4796963.1,485810,227,4223056523.0,0.0,9.5,9.8,485810,227,0
511,RICHARD PIERIS AND COMPANY PLC,RICH.N0000,upload_logo/509_1603172545.jpeg,90,-3.5031847133757963,-1.1,30.3,31.4,31.4,30.1,1774256393770,01/JAN/1951,8203142.1,270709,116,61661659732.5,0.0,31.4,30.3,270709,116,0
164,RICHARD PIERIS EXPORTS PLC,REXP.N0000,upload_logo/771_1601622600.jpeg,100,-0.28328611898017,-1.0,352.0,353.0,352.0,348.0,1774256326878,11/OCT/1993,388057.0,1108,30,3929638240.0,0.0,352.0,352.0,1108,30,2
503,ROYAL CERAMICS LANKA PLC,RCL.N0000,upload_logo/683_1282729788.jpeg,1200,-3.5545023696682465,-1.5,40.7,42.2,41.5,39.8,1774256384124,03/MAY/1994,15358834.0,381492,282,45091279288.0,0.0,41.5,40.7,381492,282,0
55,ROYAL PALMS BEACH HOTELS PLC,RPBH.N0000,upload_logo/581_1601611404.jpeg,55,0.0,0.0,48.8,48.8,47.9,46.5,1774252336701,15/JUN/1998,3036.5,65,2,2440000000.0,0.0,47.9,48.8,65,2,2
266,SAMPATH BANK PLC,SAMP.N0000,upload_logo/431_1601463036.jpeg,652,-0.16501650165016502,-0.25,151.25,151.5,152.25,147.0,1774256367368,10/JUN/1987,80926485.25,537146,808,177370989950.0,0.0,150.0,151.25,537146,808,0
117,SAMSON INTERNATIONAL PLC,SIL.N0000,upload_logo/684_1192703973.gif,20000,-2.8741328047571852,-14.5,490.0,504.5,506.0,489.0,1774247166435,22/MAR/1993,12307177.75,25115,13,2074057790.0,0.0,504.5,490.0,25115,13,0
2147,SANASA DEVELOPMENT BANK PLC,SDB.N0000,upload_logo/1182_1601463071.jpeg,260,1.3257575757575757,0.7,53.5,52.8,53.7,51.7,1774255228970,31/MAY/2012,1587123.0,30209,27,8782907429.0,0.0,52.5,53.5,30209,27,0
5291,SARVODAYA DEVELOPMENT FINANCE PLC,SDF.N0000,upload_logo/2567_1639498208.jpeg,1,-4.117647058823529,-1.4,32.6,34.0,34.7,32.5,1774254808343,14/DEC/2021,1118560.8,34153,31,4876831295.2,0.0,34.7,32.6,34153,31,0
479,SATHOSA MOTORS PLC,SMOT.N0000,upload_logo/696_1601463159.jpeg,1,2.8343023255813953,29.25,1061.25,1032.0,1075.0,1055.75,1774252356470,08/NOV/1993,235537.5,222,8,6403181347.5,0.0,1055.75,1061.25,222,8,2
1789,SENKADAGALA FINANCE COMPANY PLC,SFCL.N0000,upload_logo/441_1601464990.jpeg,58,-3.6773428232502967,-15.5,406.0,421.5,420.0,400.0,1774256395415,22/MAR/2011,1407859.75,3451,50,36781093356.0,0.0,420.0,406.0,3451,50,2
432,SERENDIB HOTELS PLC,SHOT.X0000,upload_logo/601_1603170180.jpeg,13,0.0,0.0,13.4,13.4,13.4,13.0,1774244458605,01/JAN/1973,33469.0,2513,3,1930192601.6,0.0,13.0,13.4,2513,3,2
246,SERENDIB HOTELS PLC,SHOT.N0000,upload_logo/601_1603170180.jpeg,1000,-5.063291139240507,-0.8,15.0,15.8,15.0,14.7,1774256387123,01/JAN/1973,923334.2,62071,24,4530884280.0,0.0,15.0,15.0,62071,24,2
243,SERENDIB LAND PLC,SLND.N0000,upload_logo/630_1192683179.gif,1,0.0,0.0,1627.5,1627.5,1750.0,1750.0,1774255539896,01/JAN/1983,1750.0,1,1,649219515.0,0.0,1750.0,1627.5,1,1,2
42,SEYLAN BANK PLC,SEYB.N0000,upload_logo/6OoZ3E8teF5pa4qJ_5Feb2026113246GMT_1770291166161.jpeg,200,-1.477832512315271,-1.5,100.0,101.5,102.0,99.0,1774256320173,05/JAN/1989,1110048.75,11045,52,30523693700.0,0.0,100.0,100.0,11045,52,0
213,SEYLAN BANK PLC,SEYB.X0000,upload_logo/6OoZ3E8teF5pa4qJ_5Feb2026113246GMT_1770291166161.jpeg,10,-1.3235294117647058,-0.9,67.1,68.0,69.5,64.9,1774256393310,05/JAN/1989,12442391.9,188219,204,22170537705.8,0.0,66.0,67.1,188219,204,0
505,SEYLAN DEVELOPMENTS PLC,CSD.N0000,upload_logo/617_1601463238.jpeg,300,-6.7669172932330826,-1.8,24.8,26.6,26.5,24.5,1774255574083,08/FEB/1995,2005162.7,79167,115,3464269790.4,0.0,26.0,24.8,79167,115,0
142,SIERRA CABLES PLC,SIRA.N0000,upload_logo/685_1601637927.jpeg,250,-3.8194444444444446,-1.1,27.7,28.8,28.0,26.9,1774256320615,22/NOV/2005,16414709.9,595239,178,14889094311.0,0.0,28.0,27.7,595239,178,0
437,SIGIRIYA VILLAGE HOTELS PLC,SIGV.N0000,upload_logo/602_1192601968.gif,1437,-2.4390243902439024,-0.3,12.0,12.3,12.2,11.8,1774255060339,01/JAN/1980,268326.4,22373,41,1080000000.0,0.0,12.2,12.0,22373,41,0
512,SINGER (SRI LANKA) PLC,SINS.N0000,upload_logo/772_1601463343.jpeg,10,-4.970760233918129,-3.4,65.0,68.4,67.0,63.9,1774256334906,01/JAN/1981,51293388.7,789530,207,75895164280.0,0.0,67.0,65.0,789530,207,0
1785,SINGER FINANCE LANKA PLC,SFIN.N0000,upload_logo/1041_1601463438.jpeg,12150,-1.4814814814814814,-0.6,39.9,40.5,40.5,38.8,1774256370602,17/JAN/2011,1209958.1,30328,34,11086288934.7,0.0,38.8,39.9,30328,34,0
3307,SINGHE HOSPITALS PLC,SINH.N0000,upload_logo/1444_1601463466.jpeg,50,-1.5957446808510638,-0.3,18.5,18.8,18.7,17.7,1774255138326,21/APR/2015,614745.5,34070,25,7979066557.5,0.0,17.8,18.5,34070,25,2
185,SMB FINANCE PLC,SEMB.N0000,upload_logo/445_1192177094.gif,2000,14.285714285714286,0.1,0.8,0.7,0.8,0.7,1774256395389,20/DEC/1993,4791207.2,6840358,49,5176300038.4,0.0,0.7,0.8,6840358,49,0
357,SMB FINANCE PLC,SEMB.X0000,upload_logo/445_1192177094.gif,265,50.0,0.1,0.3,0.2,0.3,0.2,1774256311566,20/DEC/1993,63110.2,210702,29,924481113.6,0.0,0.3,0.3,210702,29,0
1944,SOFTLOGIC CAPITAL PLC,SCAP.N0000,upload_logo/1100_1601463499.jpeg,15,-3.5714285714285716,-0.5,13.5,14.0,14.0,13.0,1774256393281,21/SEP/2011,60562782.7,4452582,442,13192027200.0,0.0,13.7,13.5,4452582,442,2
1041,SOFTLOGIC FINANCE PLC,CRL.N0000,upload_logo/863_1603176008.jpeg,1200,-7.352941176470588,-0.5,6.3,6.8,6.7,6.3,1774256378192,22/JAN/2009,17823813.5,2744221,224,6064211103.3,0.0,6.5,6.3,2744221,224,2
1849,SOFTLOGIC HOLDINGS PLC,SHL.N0000,upload_logo/1075_1388056466.jpeg,200,-2.6548672566371683,-0.3,11.0,11.3,11.4,10.5,1774256367006,12/JUL/2011,30099758.6,2723703,258,15347837769.0,0.0,10.7,11.0,2723703,258,1
118,SOFTLOGIC LIFE INSURANCE PLC,AAIC.N0000,upload_logo/364_1637638812.jpeg,912,-3.045066991473812,-2.5,79.6,82.1,81.5,79.4,1774255944245,24/NOV/2000,13874491.9,173415,180,25185937500.0,0.0,81.5,79.6,460746,181,2
556,SRI LANKA TELECOM PLC,SLTL.N0000,upload_logo/390_1645355503.jpeg,200,-0.49813200498132004,-0.4,79.9,80.3,80.0,76.3,1774256399153,14/JAN/2003,579323.2,7368,54,144208314000.0,0.0,80.0,79.9,7368,54,3
238,SUNSHINE HOLDINGS PLC,SUN.N0000,upload_logo/510_1601463649.jpeg,100,-2.1739130434782608,-0.6,27.0,27.6,27.7,26.9,1774256378921,01/JAN/1983,11655056.6,428773,356,53133151932.0,0.0,27.6,27.0,428773,356,0
313,SWADESHI INDUSTRIAL WORKS  PLC,SWAD.N0000,upload_logo/687_1192705508.gif,1,0.0,0.0,15000.0,15000.0,17800.0,17800.0,1774243820855,01/JAN/1970,17800.0,1,1,2239995000.0,0.0,17800.0,15000.0,1,1,2
119,SWISSTEK (CEYLON) PLC,PARQ.N0000,upload_logo/679_1600926900.jpeg,50,2.0915032679738563,1.6,78.1,76.5,81.8,73.9,1774255634927,01/JAN/1983,9491621.4,121361,123,10688766000.0,0.0,75.3,78.1,121361,123,0
468,TAL LANKA HOTELS PLC,TAJ.N0000,upload_logo/604_1603176032.jpeg,10,0.0,0.0,31.8,31.8,31.9,31.8,1774255102996,01/JAN/1982,764.2,24,4,5465339372.4,0.0,31.8,31.8,24,4,2
477,TALAWAKELLE TEA ESTATES PLC,TPL.N0000,upload_logo/XWr77jtotXuVcPxG_20Jun2024104229GMT_1718880149194.jpeg,9,-2.641509433962264,-3.5,129.0,132.5,131.0,128.75,1774256204384,11/JAN/2000,1480910.5,11448,56,6127500000.0,0.0,130.0,129.0,11448,56,0
482,TANGERINE BEACH HOTELS PLC,TANG.N0000,upload_logo/605_1601622667.jpeg,3,0.0,0.0,97.0,97.0,103.75,98.0,1774255079198,01/JAN/1983,605.25,6,2,1940000000.0,0.0,103.75,97.0,6,2,0
484,TEA SMALLHOLDER FACTORIES PLC,TSML.N0000,upload_logo/490_1192178811.gif,100,-0.24937655860349128,-0.1,40.0,40.1,40.0,39.0,1774253183376,01/AUG/1996,43120.0,1103,3,1200000000.0,0.0,39.0,40.0,1103,3,0
1854,TEEJAY LANKA PLC,TJL.N0000,upload_logo/SlYmHEpBkJ7IGHjb_29May2025075204GMT_1748505124741.png,5,-2.2580645161290325,-0.7,30.3,31.0,30.9,30.1,1774255532807,09/AUG/2011,2743188.4,90260,148,21860169461.4,0.0,30.9,30.3,90260,148,0
4,TESS AGRO PLC,TESS.N0000,upload_logo/781_1601463701.jpeg,200,0.0,0.0,1.7,1.7,1.7,1.6,1774256175986,31/DEC/2002,226722.5,139279,31,1151007183.3,0.0,1.6,1.7,139279,31,2
2997,TESS AGRO PLC,TESS.X0000,upload_logo/781_1601463701.jpeg,6000,0.0,0.0,1.2,1.2,1.3,1.2,1774256139050,31/DEC/2002,74240.0,59700,11,80000000.4,0.0,1.2,1.2,59700,11,2
306,THE AUTODROME PLC,AUTO.N0000,upload_logo/692_1192707479.gif,30,0.0,0.0,291.5,291.5,300.0,290.75,1774248857754,01/JAN/1975,18780.0,64,4,3498000000.0,0.0,300.0,291.5,64,4,0
525,THE COLOMBO FORT LAND AND BUILDING PLC,CFLB.N0000,,26,-2.262443438914027,-1.5,64.8,66.3,66.0,60.5,1774256172561,01/JAN/1970,195219.5,3013,15,15552000000.0,0.0,66.0,64.8,3013,15,0
414,THE FORTRESS RESORTS PLC,RHTL.N0000,upload_logo/534_1601463761.jpeg,900,-3.493449781659389,-0.8,22.1,22.9,22.9,21.2,1774256254099,30/MAR/1999,34299.4,1546,13,2450595716.4,0.0,22.9,22.1,1546,13,2
329,THE KANDY HOTELS COMPANY (1938) PLC,KHC.N0000,upload_logo/547_1601463820.jpeg,2,-7.333333333333333,-1.1,13.9,15.0,14.9,13.9,1774255614976,01/JAN/1970,11488.9,813,11,10484898616.7,0.0,14.9,13.9,813,11,0
253,THE KINGSBURY PLC,SERV.N0000,upload_logo/543_1603176056.jpeg,136,0.0,0.0,14.5,14.5,14.8,14.4,1774256181459,01/JAN/1982,606943.4,41698,63,7018000000.0,0.0,14.5,14.5,41698,63,0
40,THE LANKA HOSPITALS CORPORATION PLC,LHCL.N0000,upload_logo/GHINQ2ckAkcGo4wS_12Jul2023160107GMT_1689177667856.png,1,-1.6826923076923077,-1.75,102.25,104.0,103.5,100.25,1774256349389,10/JAN/2003,166923.75,1657,17,22876614280.25,0.0,103.5,102.25,1657,17,0
317,THE  LIGHTHOUSE  HOTEL  PLC,LHL.N0000,upload_logo/562_1603172566.jpeg,80,-0.1610305958132045,-0.1,62.0,62.1,62.0,62.0,1774248542101,29/AUG/1997,32426.0,523,4,2852000000.0,0.0,62.0,62.0,523,4,2
363,THE NUWARA ELIYA HOTELS COMPANY PLC,NEH.N0000,upload_logo/566_1601463914.jpeg,2,0.0,0.0,4051.0,4051.0,4500.0,4100.0,1774254241154,01/JAN/1974,21699.0,5,3,8855648040.0,0.0,4500.0,4051.0,5,3,2
93,THREE ACRE FARMS PLC,TAFL.N0000,upload_logo/491_1601463969.jpeg,88,-3.1592803861342693,-18.0,551.75,569.75,569.75,545.0,1774256009333,20/MAR/1995,3043366.25,5510,72,12990953750.0,0.0,550.0,551.75,5510,72,0
411,TOKYO CEMENT COMPANY (LANKA) PLC,TKYO.N0000,upload_logo/688_1601611429.jpeg,1000,-0.111358574610245,-0.1,89.7,89.8,90.0,88.5,1774256357289,01/JAN/1984,4439688.5,49891,107,26374491000.0,0.0,89.2,89.7,49891,107,0
15,TOKYO CEMENT COMPANY (LANKA) PLC,TKYO.X0000,upload_logo/688_1601611429.jpeg,4240,-3.7447988904299585,-2.7,69.4,72.1,70.5,65.1,1774256320112,01/JAN/1984,12190473.4,175439,313,10202841000.0,0.0,70.5,69.4,175439,313,0
499,TRANS ASIA HOTELS PLC,TRAN.N0000,upload_logo/606_1603172582.jpeg,100,0.3992015968063872,0.2,50.3,50.1,50.8,50.0,1774255974948,01/JAN/1983,149861.9,2978,11,10060000000.0,0.0,50.0,50.3,2978,11,2
5732,UB FINANCE PLC,UBF.N0000,upload_logo/VnqqltHyDgNeTEjy_9Sep2024035533GMT_1725854133227.jpeg,38,-3.7037037037037037,-0.1,2.6,2.7,2.6,2.4,1774256051465,14/AUG/2023,6297236.8,2516912,161,8264061954.2,0.0,2.6,2.6,2516912,161,2
561,UDAPUSSELLAWA  PLANTATIONS PLC,UDPL.N0000,upload_logo/727_1192788842.gif,35,0.0,0.0,140.0,140.0,140.0,131.0,1774255808875,04/MAY/1998,9536.25,70,5,2715839000.0,0.0,133.75,140.0,70,5,3
425,UNION ASSURANCE PLC,UAL.N0000,upload_logo/450_1601464021.jpeg,2000,-3.076923076923077,-2.0,63.0,65.0,65.7,61.7,1774256320386,29/JUL/1988,3672425.2,58400,129,37125000360.0,0.0,65.7,63.0,58400,129,2
1790,UNION BANK OF COLOMBO PLC,UBC.N0000,upload_logo/rr4Ed6HnT90HuQz6_30May2024035232GMT_1717041152037.jpeg,400,0.0,0.0,12.3,12.3,12.7,12.1,1774256326557,29/MAR/2011,433892.0,35311,49,13327767557.4,0.0,12.5,12.3,35311,49,0
278,UNION CHEMICALS LANKA PLC,UCAR.N0000,upload_logo/500_1192515200.gif,30,-1.41486420556188,-21.75,1515.5,1537.25,1597.0,1480.25,1774250222404,01/AUG/1988,403148.75,266,7,2273250000.0,0.0,1517.0,1515.5,266,7,0
262,UNITED MOTORS LANKA PLC,UML.N0000,upload_logo/697_1601464236.jpeg,2766,-1.4184397163120568,-0.4,27.8,28.2,28.0,27.4,1774256353406,05/DEC/1989,3877486.2,139932,171,28050374028.0,0.0,28.0,27.8,139932,171,0
1563,VALLIBEL FINANCE PLC,VFIN.N0000,upload_logo/949_1603173391.jpeg,25,-3.271537622682661,-3.0,88.7,91.7,91.2,86.1,1774255981956,04/MAY/2010,4685589.4,52738,113,20884716580.0,0.0,90.0,88.7,52738,113,0
1848,VALLIBEL ONE PLC,VONE.N0000,upload_logo/1074_1601464262.jpeg,14,-2.5191675794085433,-2.3,89.0,91.3,89.0,87.0,1774256226436,08/JUL/2011,3183524.8,36311,201,101363492316.0,0.0,87.0,89.0,36311,201,2
473,VALLIBEL POWER ERATHNA PLC,VPEL.N0000,upload_logo/454_1601464296.jpeg,2000,5.797101449275362,0.8,14.6,13.8,15.6,13.6,1774256395363,16/MAY/2006,10707959.2,734033,396,10907802072.6,0.0,13.8,14.6,734033,396,0
5005,VIDULLANKA PLC,VLL.X0000,upload_logo/455_1601464327.jpeg,370,10.256410256410257,1.6,17.2,15.6,17.3,16.2,1774256252344,10/JUN/2005,437494.4,25661,30,1412353490.0,0.0,16.2,17.2,25661,30,2
300,VIDULLANKA PLC,VLL.N0000,upload_logo/455_1601464327.jpeg,200,7.6923076923076925,1.5,21.0,19.5,22.2,19.2,1774256353378,10/JUN/2005,4325893.1,210027,147,19979855679.0,0.0,19.9,21.0,210027,147,2
1971,WASKADUWA BEACH RESORT PLC,CITW.N0000,upload_logo/1106_1601464353.jpeg,90,-5.555555555555555,-0.1,1.7,1.8,1.8,1.7,1774253934957,03/JAN/2012,1918059.6,1121950,67,1592362779.6,0.0,1.7,1.7,1121950,67,2
148,WATAWALA  PLANTATIONS  PLC,WATA.N0000,upload_logo/728_1601464378.jpeg,20,0.0,0.0,39.0,39.0,39.1,37.3,1774255966183,01/DEC/1997,2386025.6,62526,123,39645183435.0,0.0,38.0,39.0,62526,123,0
6857,WEALTHTRUST SECURITIES PLC,WLTH.N0000,upload_logo/p1VYCLrCUmltMq5x_6Jan2026092445GMT_1767691485970.jpeg,50,-2.3076923076923075,-0.3,12.7,13.0,13.0,12.7,1774256305304,07/JAN/2026,1031783.1,80711,98,15558172325.3,0.0,13.0,12.7,80711,98,2
4887,WINDFORCE PLC,WIND.N0000,upload_logo/2173_1621840165.jpeg,25,8.413461538461538,3.5,45.1,41.6,45.4,40.0,1774256395571,22/APR/2021,30603586.1,701407,491,61074595393.9,0.0,41.8,45.1,701407,491,0
180,YORK ARCADE HOLDINGS PLC,YORK.N0000,,500,-2.9411764705882355,-0.4,13.2,13.6,13.3,12.2,1774256018716,01/MAY/1985,2376160.9,184240,100,1980000000.0,0.0,13.3,13.2,184240,100,0
